created_at_utc,email,password,moodle_user_id
2026-07-02T07:59:34.839Z,chatbotstudent3@example.com,Edu!pn2y5od3gsA1,169
2026-07-02T07:59:34.839Z,chatbotstudent2@example.com,Edu!8i1gvydmkhA1,168
2026-08-08T12:49:13.193Z,rameezahmad9726@gmail.com,Edu!auwm8ex7vwA1,190
2026-08-08T13:03:50.672Z,maryamfatima2253@gmai.com,Edu!ssdyfhyor5A1,191
2026-08-08T13:09:21.441Z,maryamfatima2253@gmai.com,Edu!mblwqkuvdaA1,192
2026-08-08T13:17:56.867Z,maryamfatima2253@gmai.com,Edu!o6di9ir4d6A1,193
2026-08-08T13:52:18.422Z,maryamfatima2253@gmai.com,Edu!mxruls5x68A1,194
2026-08-08T14:00:51.673Z,maryamfatima2253@gmai.com,Edu!j3o9634ccmA1,195
2026-08-08T14:11:06.984Z,maryamfatima2253@gmail.com,Edu!.pgjq9u0i4A1,197
